{
    "robot_root_name": "pelvis_link",
    "human_root_name": "Hips",
    "ground_height": 0.0,
    "human_height_assumption": 1.6,
    "use_ik_match_table1": true,
    "use_ik_match_table2": false,
    "human_scale_table": {
        "Hips": 1.0,
        "Spine2": 1.0,
        "Head": 1.0,
        "LeftArm": 1.0,
        "LeftForeArm": 1.0,
        "LeftHand": 1.0,
        "RightArm": 1.0,
        "RightForeArm": 1.0,
        "RightHand": 1.0,
        "LeftUpLeg": 1.0,
        "LeftLeg": 1.0,
        "LeftFoot": 1.0,
        "RightUpLeg": 1.0,
        "RightLeg": 1.0,
        "RightFoot": 1.0
    },
    "ik_match_table1": {
        "pelvis_link": [
            "Hips",
            20.0,
            8.0,
            [
                0.0,
                0.0,
                0.01
            ],
            [
                -0.4724678099155426,
                -0.47883766889572144,
                -0.5016924738883972,
                -0.5438688397407532
            ]
        ],
        "torso_Link": [
            "Spine2",
            0,
            0.7,
            [
                0.0,
                0.0,
                0.0
            ],
            [
                -0.5,
                -0.5,
                -0.5,
                -0.5
            ]
        ],
        "head_yaw_Link": [
            "Head",
            5.0,
            1.0,
            [
                0.0,
                0.0,
                0.01
            ],
            [
                -0.3789960741996765,
                -0.5383999347686768,
                -0.4588669240474701,
                -0.5965976715087891
            ]
        ],
        "left_shoulder_yaw_Link": [
            "LeftArm",
            0,
            0.15,
            [
                0.012,
                0.01,
                -0.034
            ],
            [
                0.5762510895729065,
                0.5281664729118347,
                -0.4969404339790344,
                -0.3768623471260071
            ]
        ],
        "left_elbow_Link": [
            "LeftForeArm",
            0,
            1.0,
            [
                0.012,
                -0.015,
                0.01
            ],
            [
                0.7355355024337769,
                0.667934000492096,
                0.1133582666516304,
                -0.001336820307187736
            ]
        ],
        "left_wrist_yaw_Link": [
            "LeftHand",
            0,
            1.2,
            [
                0.015,
                -0.006,
                0.005
            ],
            [
                0.8725865483283997,
                0.48035481572151184,
                0.04922734573483467,
                -0.07367943227291107
            ]
        ],
        "right_shoulder_yaw_Link": [
            "RightArm",
            0,
            0.15,
            [
                0.012,
                -0.01,
                -0.034
            ],
            [
                0.43192747235298157,
                0.6116701364517212,
                -0.3636287450790405,
                -0.5541413426399231
            ]
        ],
        "right_elbow_Link": [
            "RightForeArm",
            0,
            1.0,
            [
                0.012,
                0.015,
                0.01
            ],
            [
                0.5927740335464478,
                0.8046883344650269,
                -0.031186386942863464,
                0.01109708845615387
            ]
        ],
        "right_wrist_yaw_Link": [
            "RightHand",
            0,
            1.2,
            [
                0.015,
                0.006,
                0.005
            ],
            [
                0.5253984928131104,
                0.847131073474884,
                -0.073417529463768,
                -0.030584845691919327
            ]
        ],
        "left_hip_yaw_Link": [
            "LeftUpLeg",
            0,
            0.15,
            [
                0.0,
                0.0,
                0.0
            ],
            [
                0.41613706946372986,
                -0.4308052062988281,
                -0.5667765140533447,
                0.5656864047050476
            ]
        ],
        "left_knee_Link": [
            "LeftLeg",
            0,
            1.0,
            [
                -0.03,
                0.036,
                -0.05
            ],
            [
                0.41613706946372986,
                -0.4308052062988281,
                -0.5667765140533447,
                0.5656864047050476
            ]
        ],
        "left_ankle_roll_Link": [
            "LeftFoot",
            30.0,
            2.0,
            [
                -0.017,
                0.04,
                -0.017
            ],
            [
                0.678094744682312,
                -0.692348062992096,
                -0.20595574378967285,
                0.1357349306344986
            ]
        ],
        "right_hip_yaw_Link": [
            "RightUpLeg",
            0,
            0.15,
            [
                0.0,
                0.0,
                0.0
            ],
            [
                -0.4721541404724121,
                0.3260444700717926,
                0.5971076488494873,
                -0.560560405254364
            ]
        ],
        "right_knee_Link": [
            "RightLeg",
            0,
            1.0,
            [
                -0.03,
                -0.036,
                -0.05
            ],
            [
                -0.4721541404724121,
                0.3260444700717926,
                0.5971076488494873,
                -0.560560405254364
            ]
        ],
        "right_ankle_roll_Link": [
            "RightFoot",
            30.0,
            2.0,
            [
                -0.017,
                -0.04,
                -0.017
            ],
            [
                -0.7017854452133179,
                0.6848751902580261,
                0.15661673247814178,
                -0.11795979738235474
            ]
        ]
    },
    "ik_match_table2": {}
}
